X1,X2,X3,X4
46.37,0.81,0.32,11.27
11.44,0.81,0.28,11.80
35.19,0.59,0.24,12.35
51.49,0.51,0.6,11.02
25.82,0.93,0.29,11.94
48.26,0.83,0.45,12.18
22.98,0.83,0.21,10.44
35.69,0.77,0.37,15.37
54.59,0.93,0.3,12.06
40.12,0.52,0.47,8.06
44.84,0.44,0.09,7.41
34.62,0.74,0.34,10.33
39.06,0.8,0.23,12.55
45.72,0.81,0.12,11.80
37.89,0.47,0.23,10.54
38.27,0.93,0.34,9.29
30.91,0.75,0.35,11.54
29.91,0.85,0.05,11.30
39.4,0.91,0.53,13.61
40.97,0.91,0.22,5.19
45.87,0.66,0.56,12.30
38.46,0.91,0.09,11.04
33.8,0.61,0.19,15.23
42.97,0.57,0.56,9.47
38.38,0.59,0.2,9.97
46.47,0.82,0.83,11.64
28.98,0.78,0.04,10.79
31.1,0.73,0.2,10.05
33.57,0.89,0.38,15.24
34.03,0.81,0.24,15.15
48.06,0.89,0.21,7.23
39.04,0.7,0.09,8.32
38.78,0.81,0.35,18.19
46.47,0.61,0.22,12.70
38.09,0.89,0.54,12.95
45.65,0.67,0.63,13.84
34.51,0.47,0.08,10.33
27.56,0.67,0.2,11.07
40.44,0.77,0.32,10.46
29.13,0.44,0.23,11.20
42.51,0.33,0.32,9.69
47.28,0.73,0.23,11.61
46.75,0.82,0.01,11.91
38.66,0.69,0.33,8.49
44.31,0.89,0.13,16.73
39.28,0.86,0.75,12.00
34.26,0.86,0.1,13.69
31.03,0.95,0.23,16.53
44.55,0.55,0.27,9.07
37.28,0.57,0.1,12.23
31.7,0.64,0.16,20.25
57.96,0.65,0.41,9.05
42.39,0.75,0.31,13.70
37.06,0.86,0.26,16.03
41.94,0.98,0.38,11.29
22.95,0.9,0.19,17.57
20.07,0.66,0.21,14.21
28.35,0.5,0.5,14.93
41.91,0.88,0.49,14.72
13.94,0.74,0.13,19.63
29.67,0.72,0.23,8.28
32.18,0.91,0.11,12.91
31.37,0.87,0.14,17.35
33.36,0.68,0.32,10.76
26.73,0.51,0.58,12.30
38.09,0.81,0.23,9.23
41.74,0.92,0.42,11.40
25.64,0.44,0.34,13.51
43.31,0.76,0.28,9.89
34.61,0.76,0.38,12.87
36.1,0.67,0.09,13.00
39.41,0.85,0.2,14.03
40.52,0.68,0.42,13.36
37.8,0.82,0.13,18.48
26.26,0.66,0.09,19.67
30.21,0.77,0.26,13.61
37.91,0.79,0.19,9.91
55.28,0.87,0.28,11.40
42.16,0.96,0.13,13.80
41.11,0.8,0.62,9.76
35.58,0.87,0.24,4.66
32.85,0.43,0.24,12.23
44.98,0.72,0.45,12.86
34.6,0.78,0.1,16.57
47.55,0.94,0.26,12.93
33.62,0.91,0.26,11.84
45.03,0.64,0.14,11.40
37.8,0.55,0.21,11.51
30.87,0.83,0.2,10.39
40.36,0.54,0.19,10.01
36.07,0.59,0.41,14.42
25.75,0.8,0.59,12.59
40.55,0.82,0.43,7.02
36.54,0.52,0.06,15.51
35.32,0.96,0.53,14.58
45.4,0.75,0.38,12.31
40.63,0.85,0.04,7.70
41.95,0.71,0.22,6.99
45.96,0.77,0.51,12.80
51.08,0.76,0.34,8.16
48.25,0.7,0.61,11.34
48.86,0.94,0.09,11.87
41.47,0.61,0.39,10.62
45.2,0.66,0.44,10.71
22.06,0.89,0.29,8.62
29.4,0.89,0.46,16.17
42.37,0.54,0.26,7.85
26.68,0.56,0.21,7.95
37.37,0.74,0.55,12.50
26.51,0.82,0.32,12.88
30.76,0.67,0.29,11.15
43.49,0.55,0.42,5.87
20.13,0.59,0.25,12.35
51.08,0.72,0.47,13.03
40.72,0.82,0.14,9.16
36.82,0.55,0.07,10.30
45.22,0.71,0.14,13.13
44.01,0.69,0.13,7.64
48.61,0.68,0.26,13.85
36.6,0.38,0.2,9.56
39.2,0.72,0.75,12.23
47.47,0.75,0.38,12.61
35.74,0.72,0.74,12.23
30,0.91,0.16,11.99
32.2,0.71,0.43,13.48
49.3,0.67,0.57,13.00
36.72,0.48,0.24,8.95
27.81,0.49,0.24,10.49
38.87,0.92,0.28,12.67
34.52,0.72,0.22,10.15
54.2,0.73,0.09,9.03
32.05,0.87,0.2,14.17
46.73,0.72,0.06,17.31
45.13,0.82,0.3,16.57
31.08,0.74,0.13,11.17
38.36,0.71,0.18,6.59
38.73,0.48,0.16,14.35
34.11,0.72,0.39,16.94
39.94,0.58,0.46,12.14
47.61,0.85,0.24,10.72
30.83,0.57,0.42,8.86
44.84,0.83,0.65,13.07
46.63,0.89,0.08,8.89
35.17,0.75,0.14,14.74
44.88,0.87,0.08,6.74
37.83,0.41,0.3,13.67
46.56,0.9,0.21,10.36
24.17,0.63,0.15,8.31
33.3,0.74,0.05,13.15
38.79,0.49,0.54,11.68
32.46,0.75,0.38,8.98
33.86,0.9,0.15,15.02
41.95,0.73,0.11,19.74
24.77,0.78,0.19,16.39
30.41,0.57,0.15,12.58
43.59,0.63,0.07,8.36
39.1,0.55,0.49,10.45
47.27,0.52,0.4,15.48
26.27,0.93,0.23,12.33
43.74,0.72,0.45,10.95
29.49,0.63,0.32,15.43
39.29,0.91,0.36,7.62
29.84,0.25,0.24,8.47
30.5,0.79,0.16,12.69
30.81,0.84,0.41,10.94
35.83,0.79,0.28,14.12
46.21,0.77,0.15,20.31
29.69,0.6,0.08,9.86
37.85,0.87,0.44,13.79
34.85,0.71,0.03,11.64
38.75,0.61,0.15,5.86
28.82,0.48,0.1,14.45
26.14,0.72,0.31,9.95
46.75,0.71,0.38,6.59
44.93,0.97,0.29,14.82
36.33,0.92,0.45,9.89
31.39,0.93,0.05,9.02
37.52,0.84,0.13,10.88
34.18,0.79,0.33,6.55
38.18,0.77,0.54,10.29
38.09,0.8,0.13,8.64
34.51,0.74,0.31,11.02
25.7,0.91,0.2,11.26
47.72,0.72,0.25,15.66
48.07,0.89,0.04,13.70
42.58,0.75,0.08,8.76
33.83,0.56,0.24,12.42
52.12,0.62,0.31,16.56
46.7,0.81,0.21,14.05
44.47,0.72,0.25,12.13
42.37,0.85,0.22,12.77
21.52,0.43,0.25,11.31
39.94,0.61,0.08,9.90
38.84,0.69,0.33,9.76
40.31,0.7,0.26,11.27
36.49,0.93,0.36,13.88
32.04,0.69,0.36,8.35
23.55,0.83,0.33,12.71
28.74,0.67,0.49,19.22
37.2,0.87,0.19,8.41
39.65,0.64,0.54,15.46
36.81,0.47,0.46,9.30
26.92,0.64,0.29,8.30
39.33,0.77,0.62,14.47
39.34,0.93,0.26,12.76
37.34,0.5,0.36,13.16
48.79,0.43,0.19,16.30
29.25,0.74,0.31,12.28
39.42,0.88,0.17,11.74
34.18,0.78,0.22,11.69
30.94,0.64,0.32,5.32
35.95,0.96,0.25,16.03
40.26,0.78,0.64,11.38
26.52,0.69,0.55,16.63
31.7,0.81,0.12,12.08
52.94,0.59,0.41,18.60
44.91,0.61,0.27,12.07
33.49,0.91,0.44,9.32
29.76,0.67,0.19,13.59
29.21,0.71,0.08,14.47
39.28,0.95,0.07,10.45
28.82,0.79,0.46,10.15
39,0.63,0.24,11.96
24.23,0.41,0.03,7.19
26.03,0.51,0.5,10.83
34.12,0.56,0.29,14.36
35.08,0.47,0.34,8.32
30.79,0.75,0.43,14.12
45.16,0.94,0.25,8.74
42.69,0.8,0.11,14.73
45.16,0.58,0.25,13.47
43.43,0.7,0.11,13.42
29.99,0.72,0.3,11.10
32.7,0.88,0.69,10.19
31.14,0.63,0.19,13.66
37.85,0.85,0.28,12.74
38.66,0.65,0.46,10.23
31.98,0.89,0.39,12.51
28.85,0.51,0.25,9.60
45.5,0.85,0.5,14.77
34.05,0.61,0.41,11.44
39.97,0.85,0.44,14.50
36.76,0.97,0.37,14.16
41.94,0.58,0.24,6.72
36.43,0.82,0.15,12.86
47.11,0.26,0.3,10.78
39.94,0.56,0.35,8.53
47.54,0.7,0.37,13.13
35.12,0.95,0.27,9.87
44.06,0.76,0.15,9.88
38.01,0.8,0.17,10.10
19.81,0.91,0.13,7.99
32.7,0.91,0.19,10.88
36.13,0.47,0.29,10.26
40.65,0.65,0.21,9.08
35.61,0.92,0.39,19.61
43.39,0.82,0.13,14.14
35.86,0.81,0.16,13.41
30.19,0.46,0.26,18.41
28.78,0.94,0.48,10.48
46.96,0.74,0.02,9.86
35.21,0.69,0.18,13.51
28.09,0.93,0.52,12.65
28.45,0.51,0.15,10.10
35.08,0.69,0.36,14.04
43.96,0.9,0.24,11.02
50.21,0.75,0.23,12.54
40.72,0.69,0.32,13.08
35.3,0.87,0.34,12.08
37.23,0.93,0.27,8.62
37.67,0.79,0.21,10.96
23.3,0.46,0.48,13.37
36.34,0.5,0.64,10.24
35.62,0.54,0.43,12.16
38.47,0.83,0.45,13.46
37,0.54,0.25,14.46
32.75,0.9,0.3,16.87
40.25,0.3,0.08,8.48
43.47,0.45,0.15,13.75
41.57,0.94,0.27,8.98
35.24,0.78,0.38,13.77
31.84,0.95,0.18,13.51
24.45,0.83,0.45,15.55
30.31,0.88,0.2,8.77
37.71,0.94,0.54,11.27
55.72,0.65,0.2,15.66
27.13,0.57,0.08,3.78
38.88,0.45,0.63,9.00
28.97,0.7,0.41,13.99
36.03,0.81,0.47,17.25
23.44,0.83,0.29,17.03
39.13,0.66,0.21,13.25
39.46,0.95,0.11,11.23
34.17,0.8,0.52,10.96
28.71,0.62,0.59,10.10
29.8,0.87,0.21,12.68
30.66,0.91,0.41,13.94
35.47,0.73,0.43,10.85
48.55,0.9,0.22,12.09
26.09,0.59,0.23,5.62
29.4,0.43,0.45,7.71
31.21,0.54,0.36,15.98
44.53,0.83,0.64,12.84
35.15,0.86,0.69,16.78
47.69,0.76,0.14,15.18
32.06,0.32,0.28,9.93
28.04,0.69,0.62,5.92
40.49,0.77,0.03,11.84
42.08,0.41,0.14,9.85
44.17,0.63,0.51,12.90
26.84,0.84,0.21,15.18
35.88,0.98,0.09,9.28
34.89,0.5,0.04,7.34
67.16,0.57,0.17,11.86
46.21,0.53,0.25,9.65
32.71,0.88,0.2,8.06
34.99,0.7,0.1,10.90
31.61,0.68,0.14,14.46
49.32,0.82,0.25,15.83
38.55,0.95,0.3,13.96
38.68,0.59,0.14,18.33
44.64,0.56,0.45,6.25
26.33,0.67,0.06,11.94
28.89,0.54,0.55,13.80
52.59,0.88,0.2,14.68
24.47,0.88,0.19,10.56
28.02,0.78,0.04,11.27
45.87,0.58,0.22,18.38
38.88,0.78,0.62,7.79
38.97,0.63,0.52,12.90
23.41,0.44,0.08,11.65
36.95,0.62,0.23,9.58
31.53,0.59,0.33,8.20
41.04,0.51,0.09,9.96
34.13,0.64,0.04,12.83
38.8,0.41,0.32,14.19
28.07,0.82,0.21,13.44
26.15,0.81,0.2,17.57
34.61,0.57,0.18,18.79
32.7,0.88,0.59,12.06
33.83,0.52,0.35,12.78
37.27,0.74,0.43,14.55
22.96,0.41,0.29,7.12
40.34,0.71,0.11,11.76
44.14,0.83,0.17,8.59
48.49,0.56,0.49,17.84
25.35,0.52,0.33,16.57
39.56,0.91,0.28,8.54
37.88,0.76,0.3,9.15
31.95,0.77,0.45,11.87
33.23,0.88,0.2,8.26
41.75,0.8,0.19,13.22
29.93,0.47,0.08,10.98
42.34,0.82,0.28,13.56
51.75,0.75,0.26,10.44
46.48,0.79,0.45,9.59
43.92,0.74,0.79,14.36
46.04,0.81,0.12,11.88
39.36,0.76,0.16,14.62
26.14,0.42,0.45,9.60
35.86,0.71,0.16,15.17
32.5,0.65,0.36,7.44
36.39,0.65,0.26,14.36
28.34,0.78,0.34,12.18
40.59,0.93,0.33,11.81
29.65,0.82,0.2,15.49
37.73,0.72,0.24,14.92
52.09,0.67,0.05,16.07
37.48,0.51,0.32,16.15
41.26,0.72,0.32,10.05
42.26,0.79,0.11,7.79
40.93,0.8,0.33,13.91
26.91,0.74,0.29,9.71
31.28,0.87,0.3,16.54
33.81,0.81,0.15,1.26
43.29,0.69,0.02,15.94
37.73,0.57,0.2,11.72
15.35,0.72,0.29,13.14
51.78,0.77,0.44,14.66
37.8,0.88,0.41,11.09
38.94,0.73,0.33,8.13
42.37,0.57,0.13,6.61
48.32,0.9,0.39,16.39
42.37,0.69,0.57,7.70
37.66,0.71,0.3,10.03
33.91,0.72,0.19,14.17
57.23,0.63,0.36,12.49
43.82,0.9,0.23,12.70
42.5,0.85,0.22,12.00
31.34,0.91,0.14,16.19
35.75,0.88,0.41,10.96
45.29,0.83,0.34,18.37
42.5,0.71,0.67,15.15
55.97,0.9,0.29,13.84
49.71,0.51,0.4,8.54
38.52,0.7,0.21,10.47
49.52,0.8,0.57,12.75
41.08,0.61,0.43,15.46
38.02,0.79,0.37,8.87
47.86,0.98,0.2,15.62
45.29,0.31,0.11,14.40
34.75,0.71,0.26,11.75
37.37,0.97,0.6,10.24
32.69,0.84,0.54,15.64
24.68,0.9,0.5,14.30
38.89,0.63,0.33,13.67
54.09,0.7,0.36,10.50
33.76,0.72,0.08,16.07
39.74,0.74,0.18,12.60
46.11,0.9,0.13,14.67
45.83,0.55,0.19,13.24
29.64,0.48,0.44,16.41
42.95,0.79,0.35,12.50
34.11,0.62,0.28,11.97
30.36,0.68,0.34,14.89
37.43,0.91,0.26,17.69
40.28,0.84,0.26,10.57
33.46,0.9,0.08,14.26
40.04,0.73,0.05,18.47
43,0.63,0.56,10.19
39.34,0.56,0.19,13.60
23.23,0.49,0.07,12.64
49.18,0.67,0.4,15.17
48.7,0.9,0.28,6.76
20.31,0.81,0.38,14.35
24.14,0.72,0.01,14.64
29.96,0.66,0.16,15.65
33.57,0.87,0.38,16.89
22.45,0.89,0.04,5.10
51.17,0.64,0.55,10.67
36.05,0.67,0.49,13.85
37.73,0.8,0.15,11.42
55.35,0.83,0.16,5.10
41.07,0.91,0.58,15.44
50,0.84,0.47,15.99
50.94,0.62,0.31,19.53
27.35,0.67,0.46,15.29
34.78,0.58,0.59,14.92
51.46,0.89,0.12,7.63
34.6,0.93,0.56,18.43
30.35,0.67,0.14,12.49
36.68,0.8,0.24,7.32
44.94,0.8,0.14,11.83
16.54,0.42,0.34,11.08
40.37,0.71,0.52,15.24
40.44,0.83,0.21,10.54
48.46,0.63,0.28,11.14
39.66,0.8,0.85,11.12
55.6,0.77,0.13,7.47
51.23,0.89,0.08,12.38
27.78,0.44,0.45,8.73
42.58,0.89,0.19,12.89
28.9,0.46,0.18,20.36
33.85,0.63,0.04,11.38
34.88,0.63,0.28,15.32
34.54,0.92,0.28,15.99
35.91,0.92,0.42,12.62
31.81,0.7,0.34,9.23
37.35,0.72,0.32,10.57
46.93,0.8,0.31,15.31
32.22,0.84,0.36,10.39
33.22,0.74,0.11,18.03
40.43,0.77,0.63,9.44
36.63,0.66,0.33,8.28
42.82,0.92,0.39,15.03
55.81,0.82,0.23,14.20
41.63,0.75,0.44,14.06
46.74,0.82,0.06,12.36
30.5,0.84,0.21,9.87
35.79,0.72,0.14,7.51
39.28,0.85,0.13,10.18
37.96,0.76,0.45,7.37
35.21,0.43,0.32,14.44
36.36,0.82,0.55,10.26
45.5,0.89,0.21,16.44
50.04,0.89,0.21,11.99
50.61,0.8,0.26,6.61
35.17,0.5,0.37,10.30
30.88,0.74,0.14,13.94
23.87,0.68,0.47,12.70
37.81,0.62,0.12,12.44
31.96,0.59,0.45,14.58
43.42,0.32,0.31,12.99
47.1,0.8,0.2,14.51
13.72,0.93,0.47,7.41
47.31,0.67,0.29,7.26
40.73,0.77,0.31,16.74
40.33,0.77,0.17,14.52
24.46,0.69,0.07,6.73
62.79,0.9,0.4,14.23
38.81,0.84,0.26,14.21
55.99,0.84,0.15,7.74
43.61,0.73,0.24,13.53
22.45,0.57,0.24,11.28
17.72,0.55,0.29,11.73
38.84,0.52,0.24,7.47
44.23,0.83,0.43,14.64
37.25,0.48,0.4,13.39
30.82,0.84,0.08,12.75
39.18,0.8,0.13,19.08
26.95,0.67,0.35,26.92
31.9,0.36,0.28,23.06
36.91,0.77,0.51,32.35
38.74,0.76,0.19,26.49
35.36,0.66,0.17,36.69
29.7,0.8,0.04,31.40
43.45,0.91,0.46,34.63
25.03,0.36,0.17,33.88
55.5,0.8,0.12,26.78
31.87,0.87,0.12,31.18
43.69,0.9,0.22,30.10
28.8,0.88,0.42,31.51
30.63,0.6,0.17,32.86
29.57,0.68,0.66,32.81
37.21,0.87,0.15,25.76
37.33,0.72,0.4,22.27
48.24,0.57,0.43,36.49
33.44,0.5,0.24,27.76
32.59,0.64,0.22,35.14
36.96,0.8,0.61,32.59
25.99,0.92,0.1,35.68
41.37,0.76,0.12,30.12
26.66,0.76,0.23,33.45
25.53,0.8,0.32,28.31
35.36,0.75,0.46,36.24
48.5,0.75,0.56,22.71
26.65,0.8,0.13,28.91
31.33,0.8,0.11,28.18
31.68,0.81,0.21,25.17
32.68,0.61,0.58,34.96
32.86,0.74,0.36,30.46
28.77,0.55,0.18,32.32
27.99,0.91,0.23,25.16
37.56,0.71,0.19,36.69
39.42,0.95,0.23,29.62
24.07,0.45,0.27,34.63
42.38,0.87,0.75,28.22
37.67,0.77,0.54,37.13
26.98,0.64,0.23,37.34
31.83,0.47,0.38,25.23
32.79,0.9,0.4,31.86
38.93,0.51,0.33,34.30
35.65,0.73,0.48,26.38
40.91,0.58,0.38,29.57
51.61,0.88,0.03,36.94
29.85,0.94,0.31,18.29
29.68,0.73,0.62,29.43
46.52,0.39,0.49,31.66
38.83,0.72,0.08,36.32
31.99,0.68,0.19,27.76
48.29,0.54,0.12,22.08
46.08,0.8,0.34,29.10
14.74,0.77,0.2,26.04
32.37,0.85,0.06,37.69
30.83,0.63,0.47,27.07
54.98,0.67,0.02,32.32
38.58,0.78,0.29,37.05
35.55,0.66,0.24,27.49
30.67,0.78,0.18,27.97
32.35,0.84,0.09,25.87
29.96,0.83,0.48,29.93
30.28,0.93,0.23,32.54
29.84,0.72,0.3,31.32
39.75,0.67,0.05,32.53
34.59,0.75,0.38,25.71
53.68,0.3,0.27,29.68
45.29,0.66,0.26,33.05
30.32,0.75,0.31,25.41
33.02,0.65,0.52,37.37
34.98,0.65,0.07,30.77
48.56,0.81,0.34,31.89
23.7,0.7,0.43,34.90
44.19,0.82,0.34,31.02
25.13,0.62,0.34,30.99
32.35,0.91,0.05,26.99
29.97,0.82,0.25,22.91
35.52,0.63,0.51,35.63
25.49,0.75,0.4,30.82
40.33,0.68,0.42,33.57
43.46,0.78,0.11,30.46
43.72,0.74,0.14,26.68
43.16,0.87,0.11,37.10
55.07,0.45,0.19,27.98
22.98,0.59,0.2,26.26
39.7,0.94,0.14,39.20
39.17,0.8,0.34,31.70
33.82,0.77,0.15,31.60
22.01,0.87,0.24,26.74
35.23,0.6,0.3,28.87
44.53,0.93,0.28,30.07
27.94,0.71,0.19,28.54
17.61,0.63,0.12,28.48
35.42,0.78,0.12,27.63
45.48,0.63,0.24,27.57
46.28,0.7,0.38,34.59
45.06,0.72,0.05,34.41
41.28,0.83,0.32,31.09
33.02,0.63,0.54,26.30
29.55,0.81,0.25,27.92
29.94,0.84,0.38,26.22
24.54,0.73,0.2,32.05
34.61,0.6,0.23,36.06
33.27,0.72,0.38,29.60
43.4,0.32,0.32,35.18
38.1,0.69,0.19,28.31
44.83,0.67,0.29,38.20
27.12,0.63,0.05,25.66
35.02,0.76,0.14,30.11
39.66,0.63,0.36,25.84
39.68,0.83,0.13,28.17
38.39,0.94,0.48,32.44
38.23,0.89,0.08,34.71
49.84,0.86,0.35,27.72
37.67,0.74,0.38,32.31
42.22,0.94,0.19,35.76
39.17,0.65,0.1,30.54
42.66,0.78,0.05,29.69
45.64,0.78,0.36,22.64
38.71,0.44,0.46,23.98
22.73,0.77,0.34,25.20
26.54,0.89,0.17,33.72
34.18,0.61,0.18,37.94
36.6,0.52,0.3,26.84
32.23,0.22,0.34,29.13
42.21,0.94,0.05,28.99
33.41,0.75,0.3,34.81
33.61,0.63,0.46,29.85
32.94,0.57,0.03,34.43
36.75,0.7,0.3,32.64
36.31,0.83,0.33,23.83
37.02,0.81,0.33,29.55
41.41,0.58,0.39,29.71
49,0.61,0.27,31.72
43.72,0.73,0.25,22.52
54.77,0.6,0.25,31.36
46.59,0.5,0.52,35.05
41.58,0.7,0.09,28.82
20.98,0.78,0.31,28.39
33.84,0.68,0.46,27.62
48.96,0.52,0.15,27.66
31.46,0.69,0.19,35.69
45.14,0.77,0.12,31.37
43.64,0.5,0.55,32.11
38.53,0.86,0.23,28.37
49.53,0.71,0.05,35.23
26.65,0.69,0.37,30.33
37.81,0.9,0.44,25.76
42.91,0.88,0.27,32.84
39.24,0.73,0.09,26.81
41.4,0.8,0.14,33.18
51.64,0.74,0.33,33.55
36.26,0.79,0.64,27.98
38.3,0.83,0.63,32.91
41.42,0.65,0.06,29.80
35.56,0.31,0.2,34.23
36.32,0.88,0.45,15.82
37.14,0.81,0.47,31.53
39.03,0.64,0.38,24.40
38.58,0.92,0.27,27.86
34.14,0.85,0.3,33.76
38.42,0.52,0.26,33.82
34.22,0.74,0.18,25.74
46.33,0.96,0.36,35.68
38.35,0.64,0.33,27.19
33.74,0.96,0.32,29.59
38.14,0.72,0.19,26.35
36.26,0.42,0.08,23.09
31.24,0.69,0.17,32.16
37.72,0.91,0.27,26.62
37.02,0.76,0.23,31.23
52.58,0.67,0.42,32.37
24.88,0.89,0.34,34.42
37.33,0.96,0.44,29.59
33.38,0.6,0.11,25.96
32.78,0.85,0.49,34.71
42.62,0.72,0.18,30.00
38.19,0.57,0.08,30.50
38.17,0.96,0.35,30.29
21.96,0.78,0.4,32.28
34.33,0.84,0.33,35.87
32.68,0.82,0.42,23.37
45.42,0.76,0.04,23.93
33.91,0.78,0.43,26.97
42.41,0.72,0.38,37.73
39.96,0.87,0.23,32.13
36.66,0.86,0.24,34.44
40.97,0.94,0.16,29.16
48.5,0.84,0.22,26.97
20.08,0.83,0.16,25.95
38.46,0.64,0.18,32.58
43.11,0.97,0.37,40.11
22.87,0.98,0.24,28.46
40.64,0.61,0.16,28.59
24.63,0.72,0.24,25.23
51.98,0.81,0.38,33.55
41.1,0.59,0.3,29.51
31.25,0.75,0.21,35.85
31.73,0.84,0.34,29.07
26.32,0.96,0.1,27.08
42.68,0.81,0.06,34.32
39.42,0.7,0.4,38.22
28.33,0.89,0.29,34.09
48.32,0.76,0.23,30.62
37.09,0.9,0.11,26.57
43.25,0.74,0.23,28.40
22.67,0.87,0.26,26.60
22.76,0.6,0.26,36.03
36.1,0.86,0.46,20.32
29.91,0.79,0.43,28.78
22.9,0.69,0.14,29.83
34.29,0.59,0.38,30.13
43.5,0.49,0.34,27.06
39.71,0.97,0.45,27.85
46.06,0.84,0.15,32.53
32.65,0.78,0.16,28.89
32.76,0.81,0.31,28.19
23.78,0.81,0.17,26.74
34.99,0.66,0.03,29.64
28.14,0.77,0.49,23.92
39.2,0.94,0.3,28.25
19.06,0.68,0.26,29.43
38.87,0.95,0.35,21.91
43.39,0.85,0.45,29.70
28,0.75,0.37,29.70
39.29,0.8,0.21,30.04
45.35,0.78,0.1,34.30
40.01,0.94,0.18,31.24
41.15,0.67,0.19,26.74
39.5,0.58,0.48,23.15
33.37,0.95,0.25,35.17
38.89,0.91,0.57,31.10
38.2,0.54,0.42,35.22
40.3,0.72,0.15,27.50
31.88,0.8,0.08,35.19
41.25,0.71,0.3,29.22
35.34,0.62,0.15,33.44
33.61,0.88,0.01,32.76
30.62,0.88,0.62,31.85
41.63,0.79,0.31,25.00
37.12,0.97,0.11,33.08
41.89,0.41,0.22,24.28
39.45,0.85,0.07,25.98
39.86,0.96,0.22,33.68
36.52,0.52,0.6,31.04
28.77,0.44,0.69,30.52
43.97,0.78,0.18,28.62
45.91,0.74,0.06,29.04
44.63,0.57,0.31,27.60
38.45,0.44,0.11,30.23
29.9,0.94,0.13,32.29
33.74,0.78,0.31,33.26
43.85,0.88,0.25,35.19
42.63,0.53,0.16,30.04
40.38,0.84,0.22,33.01
48.6,0.84,0.19,37.90
39.93,0.89,0.54,30.42
31.64,0.8,0.26,27.95
38.46,0.87,0.51,36.01
33.2,0.89,0.53,29.22
32.94,0.32,0.49,35.29
31.8,0.58,0.28,26.74
45.72,0.61,0.12,30.96
29.49,0.55,0.33,27.87
41.82,0.5,0.27,36.50
36.71,0.87,0.45,32.02
43.79,0.98,0.28,41.11
39.63,0.61,0.07,29.34
39.03,0.9,0.18,26.60
25.79,0.63,0.26,23.72
33.03,0.71,0.38,29.57
26.29,0.96,0.45,33.34
48.65,0.78,0.09,33.46
22.16,0.86,0.39,21.68
34.54,0.85,0.26,29.99
35.32,0.57,0.35,24.55
38.21,0.51,0.22,25.94
31.1,0.51,0.41,26.64
36.75,0.7,0.34,37.42
22.25,0.96,0.22,26.90
29.31,0.73,0.06,29.91
40.82,0.98,0.25,22.63
20.34,0.7,0.33,30.80
49.61,0.64,0.19,35.28
49.27,0.69,0.69,21.91
44.81,0.74,0.19,25.62
44.14,0.85,0.42,33.32
32.26,0.71,0.32,32.96
28.31,0.86,0.13,34.58
48.66,0.68,0.12,26.30
35.81,0.63,0.22,31.42
54.77,0.78,0.53,31.42
44.76,0.74,0.32,24.44
33.77,0.76,0.27,32.57
41.71,0.71,0.03,28.65
36.55,0.44,0.25,31.44
48.28,0.83,0.26,30.02
35.79,0.7,0.32,24.87
41.25,0.4,0.25,29.67
43.02,0.73,0.52,34.46
33.44,0.41,0.54,29.48
28.22,0.62,0.19,30.22
33.03,0.73,0.46,29.41
30.93,0.68,0.16,39.31
32.8,0.59,0.41,30.45
42.71,0.44,0.12,28.86
25.68,0.77,0.26,32.68
57.4,0.93,0.23,24.18
43.16,0.92,0.04,29.86
41.4,0.94,0.21,35.94
31.64,0.85,0.67,36.51
41.14,0.67,0.53,30.17
44.08,0.76,0.14,28.83
38.5,0.87,0.38,25.26
36.89,0.7,0.44,31.87
36.84,0.74,0.61,33.60
32.48,0.82,0.22,25.52
31.13,0.91,0.04,26.07
30.59,0.61,0.49,24.84
26.68,0.71,0.23,30.12
51.85,0.73,0.39,26.05
25.07,0.99,0.45,30.87
43.6,0.67,0.2,38.07
29.23,0.4,0.05,30.10
33.89,0.65,0.06,32.41
44.62,0.89,0.4,27.51
43.41,0.6,0.19,31.52
31.69,0.72,0.31,31.04
33.08,0.65,0.26,24.33
28.02,0.83,0.14,28.44
51.14,0.47,0.21,29.25
35.53,0.8,0.67,36.07
42.98,0.48,0.6,22.58
38.24,0.75,0.34,32.46
39.66,0.93,0.31,33.09
32.83,0.91,0.11,26.84
40.56,0.78,0.02,32.40
45.6,0.89,0.14,23.74
28.12,0.76,0.35,25.51
31.97,0.88,0.21,29.25
54.88,0.53,0.54,22.26
35.2,0.46,0.36,27.15
48.87,0.83,0.1,26.11
42.86,0.66,0.46,30.90
46.49,0.91,0.26,27.85
19.73,0.69,0.15,26.94
39.5,0.78,0.3,28.05
38.06,0.68,0.37,29.89
35.48,0.85,0.17,33.24
39.9,0.68,0.17,29.76
39.17,0.58,0.29,23.19
42.51,0.77,0.42,29.78
28.38,0.59,0.32,34.29
37.88,0.52,0.24,34.13
30.39,0.96,0.16,34.63
30.19,0.86,0.27,28.14
34.01,0.5,0.08,26.88
30.27,0.64,0.55,27.94
53.84,0.96,0.44,27.52
27.3,0.77,0.29,29.73
24.39,0.77,0.4,21.99
32.74,0.92,0.13,27.01
44.82,0.61,0.07,30.65
40.67,0.35,0.45,24.99
32.02,0.82,0.41,32.13
38.23,0.83,0.46,27.68
48.81,0.75,0.51,33.40
41.3,0.96,0.23,32.18
45.52,0.59,0.24,25.38
37.9,0.62,0.33,29.52
16.01,0.56,0.12,31.95
54.87,0.77,0.18,29.17
36.48,0.84,0.53,31.75
40.41,0.92,0.05,38.30
35.61,0.68,0.19,33.63
29.09,0.87,0.06,29.50
34.03,0.84,0.35,35.14
27.4,0.9,0.53,36.84
40.7,0.81,0.19,24.84
36.06,0.89,0.32,32.86
36.71,0.79,0.25,33.60
26.32,0.7,0.31,30.59
41.5,0.48,0.25,31.39
33.14,0.8,0.24,34.41
23.74,0.68,0.31,33.31
34.24,0.74,0.19,29.46
43.59,0.81,0.42,33.57
55.22,0.82,0.21,30.73
38.06,0.57,0.15,29.99
47.76,0.74,0.42,29.93
41.51,0.7,0.39,32.81
31.65,0.92,0.18,27.11
34.55,0.56,0.35,35.48
29.28,0.52,0.03,27.89
48.67,0.88,0.39,29.14
27.56,0.69,0.43,23.34
33.75,0.71,0.15,36.57
37.96,0.82,0.24,30.32
48.35,0.73,0.1,37.18
37.73,0.79,0.19,31.19
44.04,0.56,0.34,34.39
42.57,0.72,0.4,39.00
33.42,0.73,0.49,29.85
39.1,0.77,0.44,34.71
45.4,0.9,0.09,33.27
40.6,0.86,0.48,34.19
38.3,0.89,0.31,28.77
38.68,0.7,0.29,27.53
45,0.85,0.07,32.91
35.5,0.91,0.19,30.60
31.04,0.67,0.37,25.85
34.75,0.61,0.16,34.15
57.17,0.78,0.34,23.90
42.9,0.7,0.35,39.40
32.5,0.74,0.26,29.75
30.34,0.9,0.29,31.37
40.34,0.93,0.52,35.45
47.05,0.92,0.16,33.92
34.88,0.62,0.04,25.71
36.14,0.74,0.21,29.34
43.68,0.56,0.09,26.01
56.63,0.98,0.52,30.48
20.48,0.63,0.61,30.88
37.75,0.68,0.41,32.03
23.8,0.58,0.25,26.53
39.94,0.99,0.28,26.35
62.43,0.74,0.25,31.74
34.93,0.7,0.02,21.72
39.2,0.56,0.02,31.79
28.28,0.56,0.43,33.78
48.98,0.69,0.14,30.21
22.69,0.89,0.16,31.53
22.72,0.69,0.28,37.00
26.41,0.79,0.47,25.18
46.27,0.49,0.3,33.66
22.17,0.89,0.18,27.44
42.56,0.65,0.39,26.29
31.62,0.65,0.09,26.34
45.54,0.78,0.46,26.69
36.06,0.7,0.21,36.35
32.5,0.95,0.31,28.39
48.88,0.89,0.37,30.19
47.85,0.58,0.04,26.65
53.2,0.81,0.31,22.33
33.83,0.74,0.57,30.22
35.74,0.66,0.34,25.89
40.58,0.71,0.41,37.62
36.63,0.57,0.03,34.97
52.65,0.7,0.03,32.76
32.42,0.83,0.13,32.56
47.81,0.72,0.39,36.89
39.09,0.61,0.21,27.59
26.89,0.78,0.17,31.75
36.99,0.87,0.27,33.15
29.63,0.8,0.4,29.38
43.42,0.63,0.22,33.02
32.2,0.88,0.41,30.17
35.93,0.87,0.4,23.53
32.35,0.42,0.37,31.75
41.56,0.82,0.28,26.66
46.54,0.54,0.38,25.54
24.16,0.97,0.08,26.46
26.11,0.42,0.14,34.57
23.24,0.82,0.06,28.67
41.82,0.6,0.49,32.25
42.98,0.71,0.12,30.99
31.41,0.89,0.41,30.12
38.82,0.22,0.19,32.47
35.24,0.61,0.18,33.88
38.19,0.76,0.07,29.95
44.29,0.53,0.33,29.48
32.82,0.67,0.15,25.58
54.76,0.73,0.1,34.14
58.3,0.9,0.29,23.80
31.73,0.89,0.35,32.39
44.46,0.84,0.31,29.15
40.47,0.86,0.43,31.10
42.88,0.61,0.29,31.53
42.32,0.67,0.27,25.36
41.6,0.87,0.25,36.60
48.22,0.87,0.54,29.71
42.66,0.65,0.37,29.21
36.23,0.79,0.28,34.23
29.54,0.62,0.56,29.57
43.22,0.64,0.26,22.62
50.31,0.65,0.4,37.46
39.49,0.53,0.46,28.55
43.86,0.76,0.23,28.50
44.11,0.96,0.06,30.61
33.34,0.78,0.23,27.89
49.23,0.95,0.16,29.72
38.22,0.62,0.28,24.17
15.91,0.91,0.09,25.66
27.65,0.71,0.2,26.28
31.89,0.9,0.37,30.06
28.58,0.55,0.49,35.50
44.57,0.82,0.3,32.92
33.55,0.74,0.49,23.99
29.53,0.84,0.3,27.28
15.12,0.96,0.37,27.54
24.49,0.54,0.34,31.10
